{
    "categories": {
        "avg_l1_inf": "Lock-step",
        "canberra": "Lock-step",
        "chord": "Lock-step",
        "clark": "Lock-step",
        "emanon4": "Lock-step",
        "euclidean": "Lock-step",
        "jaccard": "Lock-step",
        "l1": "Lock-step",
        "l2": "Lock-step",
        "lorentzian": "Lock-step",
        "soergel": "Lock-step",
        "topsoe": "Lock-step",
        "dtw": "Elastic",
        "erp": "Elastic",
        "lcss": "Elastic",
        "msm": "Elastic",
        "twe": "Elastic",
        "sbd": "Sliding",
        "gak": "Kernel",
        "kdtw": "Kernel",
        "rbf": "Kernel",
        "sink": "Kernel",
        "catch22": "Feature-based",
        "tsfresh": "Feature-based",
        "hmm": "Model-based",
        "kl": "Model-based",
        "grail": "Embedding",
        "pca": "Embedding",
        "eros": "Embedding",
        "ts2vec": "Embedding",
        "tloss": "Embedding"
        }
}